{
"baseline_sisnr_imp": 23.431299209594727,
"septda_sisnr_imp": 20.077531814575195
}