{
"baseline_sisnr_imp": 25.198984146118164,
"septda_sisnr_imp": 22.712352752685547
}