{
"baseline_sisnr_imp": 23.679153442382812,
"septda_sisnr_imp": 10.674314498901367
}