{
"baseline_sisnr_imp": 22.465229034423828,
"septda_sisnr_imp": 12.798187255859375
}