{
"baseline_sisnr_imp": 19.39305877685547,
"septda_sisnr_imp": 19.59225082397461
}