{
"baseline_sisnr_imp": 21.748340606689453,
"septda_sisnr_imp": 16.953792572021484
}