{
"baseline_sisnr_imp": 23.233295440673828,
"septda_sisnr_imp": 15.850378036499023
}