{
"baseline_sisnr_imp": 23.912424087524414,
"septda_sisnr_imp": 15.219586372375488
}