{
"baseline_sisnr_imp": 16.623794555664062,
"septda_sisnr_imp": 13.022195816040039
}