{
"baseline_sisnr_imp": 23.56341552734375,
"septda_sisnr_imp": 16.105731964111328
}