{
"baseline_sisnr_imp": 25.099321365356445,
"septda_sisnr_imp": 18.884111404418945
}