{
"baseline_sisnr_imp": 25.399110794067383,
"septda_sisnr_imp": 20.438703536987305
}