{
"baseline_sisnr_imp": 25.27544403076172,
"septda_sisnr_imp": 19.330760955810547
}